Keyword,Links
SEO Packages,https://www.orosk.com/buy-seo-packages
Local Business Ranking (GMB Google My Business),https://www.orosk.com/local-business-seo-packages
Guest Blogs ,https://orosk.com/guest-blog-posting
High DA Backlinks,https://orosk.com/seo-backlinks-services/buy-high-da-backlinks
Only Dofollow Backlinks,https://orosk.com/seo-backlinks-services/buy-dofollow-backlinks
Regular (Daily) Link Building (Backlinks),https://orosk.com/seo-backlinks-services/buy-daily-based-backlinks
Local Business Citation Listing,https://www.orosk.com/seo-backlinks-services/local-business-citation
Classified Ads Links,https://www.orosk.com/seo-backlinks-services/classified-ads-backlinks
Forum Link Building,https://www.orosk.com/seo-backlinks-services/buy-forum-posting-backlinks
Web 2.0 Backlinks, https://www.orosk.com/seo-backlinks-services/web-2-0-blogs-backlinks
Image/Infographics Submission Links,https://www.orosk.com/seo-backlinks-services/image-infographics-backlinks
PDF/PPT Submission Links,https://www.orosk.com/seo-backlinks-services/pdf-ppt-backlinks
Directory Submissions,https://www.orosk.com/seo-backlinks-services/directory-submissions-backlinks
Website Development,https://www.orosk.com/website-development-services
Writing Services,https://www.orosk.com/writing-service
Press Release,https://www.orosk.com/buy-press-release-services
PPC (Google Ads Management) Packages,https://www.orosk.com/ppc-packages
