Service,Description
"SEO Services","We provide end-to-end solutions to generate organic clients by developing and optimizing websites and performing SEO for high visibility on Google."
"Website Development","We offer comprehensive website development services tailored to client needs, ensuring user-friendly and optimized designs."
"Writing Services","Our writing services include creating SEO-friendly content that attracts and engages customers, avoiding AI-generated content pitfalls."
"Client Needs & Solutions","Our clients aim to generate leads or sales by attracting customers to their business. We analyze existing websites and implement strategies to drive organic traffic."
"SEO Services Breakdown","SEO is split into two parts: Onpage SEO and Offpage SEO."
"Offpage SEO (Backlink Services)","We offer four types of backlink services for clients who have already done Onpage SEO and are looking for backlinks."
"High DA PA Backlinks","A mix of nofollow and dofollow backlinks, focused on providing high Domain Authority (DA) and Page Authority (PA). More affordable compared to others."
"Regular Link Building (Backlinks)","Highly focused on improving ranking, with flexible plans available for 15, 30, 45, or 60 days."
"Only Dofollow Backlinks","Rare and highly valuable dofollow backlinks from public websites to improve website ranking."
"Guest Blogs","Considered the most effective Offpage SEO strategy, contributing significantly to website rankings with access to over 3000+ high-quality guest blogs across various niches."
"Choosing the Right Backlink Service","For new websites or those without backlinks, choose Regular Link Building. For older sites, opt for High DA PA Backlinks. For local businesses, choose Local SEO. For those new to SEO, consider the Full SEO Plan."
SEO Backlinks Strategy,We prioritize quality backlinks from niche-specific articles and blogs.
Local Business Citation Listing,Local business citations to boost visibility.
Classified Ads Links,Creating classified ads with backlinks.
Forum Link Building,Generating backlinks through forum participation.
Web 2.0 Backlinks,Building backlinks via Web 2.0 properties.
Image/Infographic Submission Links,Submitting images/infographics for backlinks.
PDF/PPT Submission Links,Submitting PDF/PPT documents for backlinks.
Directory Submission Links,Submitting website to niche-specific directories.
Writing Services,"Providing high-quality, SEO-optimized articles."
Website Development Services,Budget-friendly website development starting from â‚¹5000.
Onpage SEO Contact,"If you're only interested in Onpage SEO, contact us at +91 (771) 966-8289."
Business Email,info@orosk.com
Business Phone,(+91) 77196-68289
Business Location,"Mandi, Himachal Pradesh"
Chatbot - Sunny Introduction,"If a visitor asks for Sunny, the chatbot will introduce itself as AI Sunny, designed to help with business growth through OROSK's services."
Chatbot - WhatsApp Link,"For a personal conversation, visitors can be directed to the WhatsApp link: wa.me/+917719668289."
Chatbot - Discounts Response,"Explain that our prices are already low and may increase in the future due to quality improvements. If they persist, politely decline using the same explanation."
Chatbot - Refund or Complaint Response,Direct the customer to chat with Mr. Sunny via the WhatsApp link for refunds or complaints.
